{
    "Smart TV - Download": {
        "MLE": {
            "media": 3.3960945564366285,
            "variancia": 6.201343416537702,
            "a": 0.40778147671690185,
            "b": 8.330674026164818
        },
        "Log-likelihood Gaussiana": -495657.6202165846,
        "Likelihood Gaussiana": 0.0,
        "Log-likelihood Gamma": -387106.17138631194,
        "Likelihood Gamma": 0.0
    },
    "Smart TV - Upload": {
        "MLE": {
            "media": 3.124258107506722,
            "variancia": 3.1687396722858607,
            "a": 0.49365570588394597,
            "b": 6.330845709380785
        },
        "Log-likelihood Gaussiana": -424281.7272157111,
        "Likelihood Gaussiana": 0.0,
        "Log-likelihood Gamma": -406883.5248558981,
        "Likelihood Gamma": 0.0
    },
    "Chromecast - Download": {
        "MLE": {
            "media": 4.052698112658847,
            "variancia": 2.15935911604656,
            "a": 4.7260886157383935,
            "b": 0.8577279103822955
        },
        "Log-likelihood Gaussiana": -129602.61969513391,
        "Likelihood Gaussiana": 0.0,
        "Log-likelihood Gamma": -141373.21069459908,
        "Likelihood Gamma": 0.0
    },
    "Chromecast - Upload": {
        "MLE": {
            "media": 3.521546370674634,
            "variancia": 0.5957117566059503,
            "a": 8.765368796179578,
            "b": 0.4018708684807364
        },
        "Log-likelihood Gaussiana": -89011.49054250756,
        "Likelihood Gaussiana": 0.0,
        "Log-likelihood Gamma": -119219.41176058841,
        "Likelihood Gamma": 0.0
    }
}