{
    "G": 65744.53670938962,
    "p_value": 0.0,
    "degrees_of_freedom": 18,
    "bins_edges": [
        0.0,
        0.35532706906419076,
        0.7106541381283815,
        1.0659812071925723,
        1.421308276256763,
        1.7766353453209538,
        2.1319624143851446,
        2.4872894834493353,
        2.842616552513526,
        3.197943621577717,
        3.5532706906419076,
        3.9085977597060984,
        4.263924828770289,
        4.61925189783448,
        4.974578966898671,
        5.329906035962861,
        5.685233105027052,
        6.040560174091243,
        6.395887243155434,
        6.751214312219624
    ],
    "freq1": [
        36962.0,
        12.0,
        1727.0,
        2787.0,
        3659.0,
        12192.0,
        10704.0,
        8954.0,
        13078.0,
        17528.0,
        19331.0,
        12325.0,
        17571.0,
        26351.0,
        20653.0,
        7106.0,
        1531.0,
        126.0,
        11.0
    ],
    "freq2": [
        399.0,
        32.0,
        53.0,
        134.0,
        315.0,
        742.0,
        1209.0,
        8631.0,
        12830.0,
        22123.0,
        14698.0,
        2738.0,
        2915.0,
        5482.0,
        3715.0,
        711.0,
        11.0,
        1e-10,
        1e-10
    ],
    "expected_freq": [
        [
            27452.41851624007,
            32.330676767606946,
            1307.922832871372,
            2146.3160645040884,
            2920.0479426015913,
            9503.749393459733,
            8753.530734829581,
            12921.248885417459,
            19036.890311253654,
            29135.083284372344,
            25004.104539202202,
            11068.113276146896,
            15052.869187754453,
            23390.509853255273,
            17905.31662438741,
            5743.838643008717,
            1133.0432630829525,
            92.58330165269263,
            8.082669191901736
        ],
        [
            9908.581483759928,
            11.669323232393053,
            472.077167128628,
            774.6839354959114,
            1053.952057398409,
            3430.2506065402667,
            3159.469265170419,
            4663.751114582541,
            6871.1096887463455,
            10515.916715627656,
            9024.8954607978,
            3994.8867238531034,
            5433.130812245547,
            8442.490146744727,
            6462.683375612588,
            2073.161356991284,
            408.9567369170474,
            33.416698347307374,
            2.917330808098263
        ]
    ]
}