{
    "G": 54935.892384010396,
    "p_value": 0.0,
    "degrees_of_freedom": 17,
    "bins_edges": [
        0.0,
        0.37506746178997913,
        0.7501349235799583,
        1.1252023853699373,
        1.5002698471599165,
        1.8753373089498957,
        2.2504047707398747,
        2.625472232529854,
        3.000539694319833,
        3.375607156109812,
        3.7506746178997914,
        4.12574207968977,
        4.500809541479749,
        4.8758770032697285,
        5.250944465059708,
        5.626011926849687,
        6.001079388639666,
        6.376146850429645,
        6.751214312219624
    ],
    "freq1": [
        36962.0,
        14.0,
        1811.0,
        3200.0,
        7504.0,
        11420.0,
        8591.0,
        13748.0,
        16274.0,
        20787.0,
        13283.0,
        16072.0,
        26588.0,
        24218.0,
        9916.0,
        2023.0,
        185.0,
        12.0
    ],
    "freq2": [
        705.0,
        21.0,
        84.0,
        183.0,
        469.0,
        880.0,
        3079.0,
        10894.0,
        16400.0,
        20724.0,
        4271.0,
        2402.0,
        5417.0,
        5365.0,
        950.0,
        4.0,
        1e-10,
        1e-10
    ],
    "expected_freq": [
        [
            28153.05543212307,
            26.159687262704953,
            1416.3602103664539,
            2528.520628849453,
            5959.176758444189,
            9193.261523750598,
            8722.387153021908,
            18417.91467221644,
            24421.18918918919,
            31026.13651320415,
            13120.20429170065,
            13807.83035689175,
            23921.165452653488,
            22110.915094074302,
            8121.461765615772,
            1515.0196023286553,
            138.2726326742976,
            8.969035632927412
        ],
        [
            9513.94456787693,
            8.840312737295047,
            478.6397896335461,
            854.479371150547,
            2013.8232415558118,
            3106.7384762494025,
            2947.6128469780915,
            6224.085327783559,
            8252.81081081081,
            10484.863486795848,
            4433.795708299351,
            4666.169643108249,
            8083.834547346514,
            7472.084905925697,
            2744.538234384228,
            511.9803976713446,
            46.727367325702396,
            3.030964367072588
        ]
    ]
}