{
    "G": 62709.8912870364,
    "p_value": 0.0,
    "degrees_of_freedom": 17,
    "bins_edges": [
        0.0,
        0.37506746178997913,
        0.7501349235799583,
        1.1252023853699373,
        1.5002698471599165,
        1.8753373089498957,
        2.2504047707398747,
        2.625472232529854,
        3.000539694319833,
        3.375607156109812,
        3.7506746178997914,
        4.12574207968977,
        4.500809541479749,
        4.8758770032697285,
        5.250944465059708,
        5.626011926849687,
        6.001079388639666,
        6.376146850429645,
        6.751214312219624
    ],
    "freq1": [
        36962.0,
        14.0,
        1811.0,
        3200.0,
        7504.0,
        11420.0,
        8591.0,
        13748.0,
        16274.0,
        20787.0,
        13283.0,
        16072.0,
        26588.0,
        24218.0,
        9916.0,
        2023.0,
        185.0,
        12.0
    ],
    "freq2": [
        399.0,
        33.0,
        72.0,
        160.0,
        432.0,
        892.0,
        2860.0,
        11390.0,
        17394.0,
        23273.0,
        6254.0,
        2363.0,
        5057.0,
        4864.0,
        1279.0,
        16.0,
        1e-10,
        1e-10
    ],
    "expected_freq": [
        [
            27452.41851624007,
            34.53504109267106,
            1383.6060080319064,
            2468.8880440718035,
            5831.278427902926,
            9046.711190063108,
            8414.058628769708,
            18471.103467820532,
            24738.846032086152,
            32374.76405410823,
            14355.55527292584,
            13545.818777518956,
            23252.369688884588,
            21369.107767171485,
            8225.952873030905,
            1498.23295293524,
            135.9358000456201,
            8.817457300256441
        ],
        [
            9908.581483759928,
            12.464958907328942,
            499.3939919680936,
            891.1119559281967,
            2104.721572097074,
            3265.288809936892,
            3036.9413712302917,
            6666.896532179467,
            8929.153967913848,
            11685.235945891769,
            5181.44472707416,
            4889.181222481044,
            8392.630311115412,
            7712.892232828517,
            2969.0471269690956,
            540.7670470647598,
            49.06419995437988,
            3.1825426997435597
        ]
    ]
}