{
    "G": 58395.644768871854,
    "p_value": 0.0,
    "degrees_of_freedom": 18,
    "bins_edges": [
        0.0,
        0.35532706906419076,
        0.7106541381283815,
        1.0659812071925723,
        1.421308276256763,
        1.7766353453209538,
        2.1319624143851446,
        2.4872894834493353,
        2.842616552513526,
        3.197943621577717,
        3.5532706906419076,
        3.9085977597060984,
        4.263924828770289,
        4.61925189783448,
        4.974578966898671,
        5.329906035962861,
        5.685233105027052,
        6.040560174091243,
        6.395887243155434,
        6.751214312219624
    ],
    "freq1": [
        36962.0,
        12.0,
        1727.0,
        2787.0,
        3659.0,
        12192.0,
        10704.0,
        8954.0,
        13078.0,
        17528.0,
        19331.0,
        12325.0,
        17571.0,
        26351.0,
        20653.0,
        7106.0,
        1531.0,
        126.0,
        11.0
    ],
    "freq2": [
        705.0,
        19.0,
        72.0,
        146.0,
        345.0,
        777.0,
        1220.0,
        8750.0,
        11792.0,
        20816.0,
        11781.0,
        1896.0,
        3318.0,
        5722.0,
        3957.0,
        532.0,
        1e-10,
        1e-10,
        1e-10
    ],
    "expected_freq": [
        [
            28153.05543212307,
            23.170008718395817,
            1344.6079253030346,
            2192.181792614675,
            2992.6682228534464,
            9693.2852602863,
            8912.23174058554,
            13232.317237112242,
            18588.326349242063,
            28659.05852574739,
            23253.71971763647,
            10629.054644655062,
            15612.848778018393,
            23971.98998790674,
            18393.99724386197,
            5708.791180358298,
            1144.2994628343224,
            94.17487414573783,
            8.221615996850128
        ],
        [
            9513.94456787693,
            7.829991281604185,
            454.39207469696544,
            740.818207385325,
            1011.3317771465535,
            3275.714739713699,
            3011.768259414461,
            4471.682762887757,
            6281.673650757938,
            9684.941474252608,
            7858.280282363529,
            3591.945355344939,
            5276.151221981607,
            8101.010012093258,
            6216.002756138032,
            1929.2088196417021,
            386.70053716567764,
            31.825125854262172,
            2.778384003149872
        ]
    ]
}